Racket Sports,296,[296]
Tennis,297,"[296, 297]"
Team Sports,299,[299]
BasketBall,300,"[299, 300]"
Basketballs,301,"[299, 300, 301]"
Football,302,"[299, 302]"
Footballs,303,"[299, 302, 303]"
Other Sports,304,[304]
More Sports,305,"[304, 305]"
Cricket,307,"[299, 307]"
Bats,308,"[299, 307, 308]"
Gloves,309,"[299, 307, 309]"
Fitness,310,[310]
Run & Cycle,314,[314]
Cycling Bikes,315,"[314, 315]"
Adventure and Outdoor,317,"[304, 317]"
Hiking and Mountaineering,318,"[304, 318]"
Swimming,319,"[304, 319]"
Horse Riding,321,"[304, 317, 321]"
Running,322,"[314, 322]"
Football Shoes,325,"[299, 302, 325]"
Scooter,327,"[304, 305, 327]"
Apparels,329,"[299, 302, 329]"
Climbing,331,"[304, 317, 331]"
Diving,337,"[304, 317, 337]"
Yoga and Pilates,338,"[310, 338]"
Rollers,341,"[304, 305, 341]"
Apparels,343,"[299, 300, 343]"
Accessories,344,"[299, 300, 344]"
Basketball Shoes,346,"[299, 300, 346]"
Golf,347,"[304, 347]"
Boxing,349,"[304, 349]"
Accessories,352,"[299, 307, 352]"
Squash,353,"[296, 353]"
Squash Shoes,354,"[296, 353, 354]"
Kayaking,356,"[304, 317, 356]"
Sailing,357,"[304, 317, 357]"
Target Sports,358,"[304, 317, 358]"
Accessories ,359,"[296, 297, 359]"
Protective Gear,361,"[304, 349, 361]"
Rackets,362,"[296, 297, 362]"
Running Shoes,363,"[314, 322, 363]"
Surfing,364,"[304, 317, 364]"
Accessories,365,"[314, 322, 365]"
Fishing,366,"[304, 317, 366]"
Walking,371,"[304, 305, 371]"
Hockey,372,"[299, 372]"
Sticks,373,"[299, 372, 373]"
Badminton,377,"[296, 377]"
Badminton Shoes,378,"[296, 377, 378]"
Strength Training,379,"[310, 379]"
Accessories,380,"[310, 379, 380]"
Fitness Accessories,381,"[310, 381]"
Football Training,383,"[299, 302, 383]"
Tennis Shoes,385,"[296, 297, 385]"
Mats,389,"[310, 338, 389]"
Accessories,392,"[299, 372, 392]"
Stability Balls,394,"[310, 338, 394]"
Table Tennis,397,"[296, 397]"
Accessories,398,"[296, 397, 398]"
Rackets,400,"[296, 377, 400]"
Balls,401,"[296, 397, 401]"
Shuttlecocks,402,"[296, 377, 402]"
Accessories,403,"[296, 353, 403]"
Accessories,404,"[304, 347, 404]"
Balls,405,"[296, 297, 405]"
Rackets,406,"[296, 353, 406]"
Racket Bags,408,"[296, 297, 408]"
Strings,410,"[296, 297, 410]"
Racket Grips,411,"[296, 353, 411]"
Squash Balls,412,"[296, 353, 412]"
Fitness Machines,413,"[310, 413]"
Accessories,414,"[310, 413, 414]"
Pads and Guards,415,"[299, 307, 415]"
Helmets,417,"[299, 307, 417]"
Balls,419,"[299, 307, 419]"
Exercise Bikes,423,"[310, 413, 423]"
Accessories,424,"[310, 338, 424]"
Balance & Flexibility,425,"[310, 381, 425]"
Treadmills,426,"[310, 413, 426]"
Abs & Core,428,"[310, 379, 428]"
Rowers,431,"[310, 413, 431]"
Elliptical Trainers,435,"[310, 413, 435]"
Clubs,438,"[304, 347, 438]"
Bats,442,"[296, 397, 442]"
Martial Arts,446,"[304, 305, 446]"
Spring Rings,448,"[299, 300, 448]"
Games,449,"[304, 305, 449]"
Accessories,450,"[299, 302, 450]"
Balls,451,"[304, 347, 451]"
Accessories,453,"[296, 377, 453]"
Back Boards,457,"[299, 300, 457]"
Balls,459,"[299, 372, 459]"
Protective Gear,461,"[299, 372, 461]"
Strings,463,"[296, 353, 463]"
Upper Body Training,464,"[310, 379, 464]"
Back Training Equipment,465,"[310, 379, 465]"
Lower Body Training,466,"[310, 379, 466]"
Shin Guards,467,"[299, 302, 467]"
Resistance Bands,470,"[310, 381, 470]"
Step Board,473,"[310, 381, 473]"
Eye Wear,487,"[296, 353, 487]"
Strings,491,"[296, 377, 491]"
Racket Bags,492,"[296, 377, 492]"
Grips,493,"[296, 377, 493]"
Racket Bags,500,"[296, 353, 500]"
Grips,502,"[296, 297, 502]"
Electronics,507,"[304, 319, 507]"
Fins,508,"[304, 319, 508]"
Goggles,509,"[304, 319, 509]"
Accessories,512,"[304, 319, 512]"
Mini Tables,514,"[296, 397, 514]"
String Machine,561,"[296, 297, 561]"
Tennis Electronics,562,"[296, 297, 562]"
Ball Machine,565,"[296, 297, 565]"
Saddles,637,"[314, 1054, 637]"
Punching Bags,706,"[304, 349, 706]"
Gloves,708,"[304, 349, 708]"
Fairway Woods,720,"[304, 347, 720]"
Wedges,721,"[304, 347, 721]"
Putters,722,"[304, 347, 722]"
Irons,723,"[304, 347, 723]"
Drivers,724,"[304, 347, 724]"
Complete Sets,725,"[304, 347, 725]"
Bags,726,"[304, 347, 726]"
Gloves,728,"[304, 347, 728]"
Swimming Caps,745,"[304, 319, 745]"
Athletics,748,"[304, 305, 748]"
Carrom,763,"[304, 305, 763]"
Darts,764,"[304, 305, 764]"
Bags,769,"[304, 318, 769]"
Apparels,796,"[299, 307, 796]"
Volleyball,800,"[299, 800]"
Balls,801,"[299, 800, 801]"
Volleyball Shoes,802,"[299, 800, 802]"
Nets,803,"[299, 800, 803]"
Ice Hockey,806,"[304, 305, 806]"
Mountain Bikes,808,"[314, 315, 808]"
Road Bikes,813,"[314, 315, 813]"
Tyres & Tubes,832,"[314, 1054, 832]"
Pool,835,"[304, 305, 835]"
Lacrosse,837,"[304, 305, 837]"
Fencing,838,"[304, 305, 838]"
Golf Shoes,839,"[304, 347, 839]"
Brands,864,[864]
Table Tennis Robots,867,"[296, 397, 867]"
Chess,919,"[304, 305, 919]"
Weights,922,"[310, 922]"
Medicine Balls,923,"[310, 922, 923]"
Barbells,925,"[310, 922, 925]"
Benches,926,"[310, 379, 926]"
Dumbbells,927,"[310, 922, 927]"
Power Block,928,"[310, 922, 928]"
ViPR,929,"[310, 922, 929]"
Weight Plates,931,"[310, 922, 931]"
Weight Lifting Jackets,932,"[310, 922, 932]"
Weight Racks,933,"[310, 922, 933]"
Kettlebells,934,"[310, 922, 934]"
Skipping Ropes,935,"[310, 381, 935]"
Ice Bath,936,"[310, 381, 936]"
Rehabs & Injuries,937,"[310, 381, 937]"
Rubbers,941,"[296, 397, 941]"
Blades,943,"[296, 397, 943]"
Bags,944,"[299, 307, 944]"
Hockey Shoes,945,"[299, 372, 945]"
Running Spikes,947,"[314, 322, 947]"
Running Bottles,948,"[314, 322, 948]"
Accessories,949,"[310, 922, 949]"
Multi Gym,956,"[310, 379, 956]"
Cycling Gear,957,"[314, 957]"
Tape,962,"[314, 1054, 962]"
Lights,963,"[314, 957, 963]"
Bottle Cages,965,"[314, 1054, 965]"
Bells,966,"[314, 1054, 966]"
Pumps,967,"[314, 957, 967]"
Bags,968,"[314, 957, 968]"
Chains,970,"[314, 1054, 970]"
Brake Parts,971,"[314, 1054, 971]"
Lubricants,972,"[314, 957, 972]"
Computers,973,"[314, 1054, 973]"
Bike Rack,975,"[314, 1054, 975]"
Masks,976,"[314, 957, 976]"
Accessories,977,"[314, 957, 977]"
Rucksacks,978,"[304, 318, 978]"
Tents,979,"[304, 318, 979]"
Sleeping Bags,981,"[304, 318, 981]"
Hiking Shoes,983,"[304, 318, 983]"
Accessories,984,"[304, 318, 984]"
Accessories,987,"[304, 349, 987]"
Massagers,989,"[310, 413, 989]"
Chains,990,"[304, 349, 990]"
Junior Bikes,991,"[314, 315, 991]"
Tools,992,"[314, 957, 992]"
Helmets,993,"[314, 957, 993]"
Tables,994,"[296, 397, 994]"
Cricket Kits,995,"[299, 307, 995]"
Rugby,996,"[304, 305, 996]"
Water Sports,997,"[304, 305, 997]"
Apparels,998,"[314, 957, 998]"
Tug of War,999,"[304, 305, 999]"
Other Parts,1000,"[314, 1054, 1000]"
Wheels,1001,"[314, 1054, 1001]"
Apparels,1002,"[304, 318, 1002]"
Gloves,1003,"[299, 302, 1003]"
Pull Up & Push Up Bars,1004,"[310, 379, 1004]"
Skate Board,1006,"[304, 305, 1006]"
Wrist Bands,1016,"[296, 353, 1016]"
Dampners,1017,"[296, 353, 1017]"
Apparels,1018,"[296, 377, 1018]"
Apparels,1019,"[296, 297, 1019]"
Nets,1020,"[296, 397, 1020]"
Bags,1021,"[296, 397, 1021]"
Dampners,1022,"[296, 297, 1022]"
Nets,1023,"[296, 297, 1023]"
Nets,1026,"[299, 300, 1026]"
Nets,1027,"[299, 302, 1027]"
Goal Post,1028,"[299, 302, 1028]"
Pump,1029,"[299, 302, 1029]"
Bags,1030,"[299, 372, 1030]"
Stumps,1031,"[299, 307, 1031]"
Ball Machine,1032,"[299, 307, 1032]"
Gloves,1033,"[299, 372, 1033]"
Gloves,1034,"[314, 957, 1034]"
Sunglass,1035,"[314, 957, 1035]"
Mudguards,1036,"[314, 1054, 1036]"
Boxing Shoes,1037,"[304, 349, 1037]"
Apparels,1038,"[304, 347, 1038]"
Ankle & Wrist Weights,1042,"[310, 922, 1042]"
Power Bags,1043,"[310, 922, 1043]"
Accessories,1044,"[310, 381, 1044]"
Gloves,1045,"[310, 381, 1045]"
Grips,1046,"[310, 379, 1046]"
Bags,1047,"[310, 381, 1047]"
Snorkels,1048,"[304, 319, 1048]"
Twisters,1049,"[310, 381, 1049]"
Locks,1050,"[314, 957, 1050]"
Freewheels,1051,"[314, 1054, 1051]"
Backpacks,1052,"[304, 318, 1052]"
Cycling Spares,1054,"[314, 1054]"
Foam Rollers,1057,"[310, 381, 1057]"
Smith Machine,1058,"[310, 379, 1058]"
Power Tower,1060,"[310, 379, 1060]"
Apparels,1061,"[304, 349, 1061]"
Balls,1064,"[304, 305, 1064]"
Shoes,1068,[1068]
Men's Shoes,1069,"[1068, 1069]"
Apparels,1074,"[310, 338, 1074]"
Shoes,1084,"[314, 957, 1084]"
Apparels,1091,"[314, 322, 1091]"
Combos,1092,"[310, 379, 1092]"
Nets,1107,"[296, 377, 1107]"
Training Shoes,1114,"[310, 381, 1114]"
Women's Running Shoes,1134,"[1068, 1134]"
Performance Neutral Running,1135,"[1068, 1134, 1135]"
Neutral Running Shoes,1136,"[1068, 1134, 1136]"
Stability Running Shoes,1137,"[1068, 1134, 1137]"
Performance Stability Running Shoes,1139,"[1068, 1134, 1139]"
Cross Training Shoes,1140,"[1068, 1069, 1140]"
Women's Shoes,1141,"[1068, 1141]"
Cross Training Shoes,1142,"[1068, 1141, 1142]"
Men's Running Shoes,1149,"[1068, 1149]"
Walking Shoes,1150,"[1068, 1141, 1150]"
Walking Shoes,1151,"[1068, 1069, 1151]"
Trail Running Shoes,1154,"[1068, 1149, 1154]"
Accessories,1156,"[1068, 1156]"
Socks,1157,"[1068, 1156, 1157]"
Indoor Court Shoes,1158,"[1068, 1069, 1158]"
Indoor Court Shoes,1159,"[1068, 1141, 1159]"
Junior Shoes,1160,"[1068, 1160]"
Indoor Court Shoes,1161,"[1068, 1160, 1161]"
Neutral Running Shoes,1167,"[1068, 1149, 1167]"
Motion Control Running Shoes,1171,"[1068, 1149, 1171]"
Table Tennis Shoes,1174,"[296, 397, 1174]"
Baseball,1177,"[304, 305, 1177]"
Basketball Shoes,1178,"[1068, 1069, 1178]"
Cricket Shoes,1180,"[1068, 1069, 1180]"
Cricket Shoes,1181,"[1068, 1160, 1181]"
Hockey Shoes and Spikes,1192,"[1068, 1069, 1192]"
Hockey Shoes and Spikes,1193,"[1068, 1141, 1193]"
Hybrids,1195,"[304, 347, 1195]"
Cricket Shoes and Spikes,1198,"[299, 307, 1198]"
Socks,1202,"[296, 353, 403, 1202]"
Head Band,1203,"[296, 353, 403, 1203]"
Accessories,1215,"[304, 317, 1215]"
Accessories,1216,"[299, 800, 1216]"
American Football,1217,"[304, 305, 1217]"
Stepper,1225,"[310, 413, 1225]"
Cross Country Running Shoes,1278,"[1068, 1134, 1278]"
Maximal Cushioned Running Shoes,1279,"[1068, 1149, 1279]"
Maximal Cushioned Running Shoes,1280,"[1068, 1134, 1280]"
Track and Field Running Spikes,1281,"[1068, 1149, 1281]"
Support Running Shoes,1282,"[1068, 1149, 1282]"
Motion Control Running Shoes,1283,"[1068, 1134, 1283]"
Minimalist Running Shoes,1284,"[1068, 1149, 1284]"
Track and Field Running Spikes,1285,"[1068, 1134, 1285]"
Road Racing Running Shoes,1286,"[1068, 1149, 1286]"
Cross Country Running Shoes,1287,"[1068, 1149, 1287]"
Trail Running Shoes,1288,"[1068, 1134, 1288]"
Support Running Shoes,1289,"[1068, 1134, 1289]"
Road Racing Running Shoes,1290,"[1068, 1134, 1290]"
Minimalist Running Shoes,1291,"[1068, 1134, 1291]"
Tennis Shoes,1297,"[1068, 1069, 1297]"
Tennis Shoes,1298,"[1068, 1141, 1298]"
Apparels,1301,"[296, 397, 1301]"
Apparels,1302,"[304, 305, 763, 1302]"
Pump,1309,"[299, 302, 1029, 1309]"
Fashion,1312,"[304, 319, 1312]"
Swim Dresses,1313,"[304, 319, 1312, 1313]"
Jammers,1314,"[304, 319, 1314]"
Jammers,1315,"[304, 319, 1314, 1315]"
Jammers,1316,"[304, 319, 1312, 1316]"
Swimsuits,1317,"[304, 319, 1317]"
Back Zip,1318,"[304, 319, 1317, 1318]"
Training Gear,1319,"[304, 319, 1319]"
Stopwatches,1320,"[304, 319, 1319, 1320]"
Stopwatches,1321,"[304, 319, 507, 1321]"
Square Leg Suits,1322,"[304, 319, 1317, 1322]"
Square Leg Suits,1323,"[304, 319, 1312, 1323]"
Boys' Floatation Suits,1324,"[304, 319, 1317, 1324]"
Plus Size Swimwear,1325,"[304, 319, 1312, 1325]"
Technical Jammers,1326,"[304, 319, 1317, 1326]"
Tankini Tops,1327,"[304, 319, 1312, 1327]"
Floatation Suits,1328,"[304, 319, 1317, 1328]"
Swim Masks,1329,"[304, 319, 509, 1329]"
Recreational Goggles,1330,"[304, 319, 509, 1330]"
Brazilian,1331,"[304, 319, 1312, 1331]"
Kids' Goggles,1332,"[304, 319, 509, 1332]"
Stand Up Paddleboard Suits,1333,"[304, 319, 1317, 1333]"
Outerwear,1334,"[304, 319, 1317, 1333, 1334]"
Round Toe,1335,"[304, 319, 1317, 1335]"
Long Sleeve Rash Guards,1336,"[304, 319, 1312, 1336]"
Infant (0-24),1339,"[304, 319, 1317, 1339]"
Split Toe,1340,"[304, 319, 1317, 1340]"
Wetsuit Jackets & Vests,1341,"[304, 319, 1317, 1341]"
Accessories,1342,"[304, 319, 509, 1342]"
Neoprene Gloves,1343,"[304, 319, 1317, 1343]"
Men's Swim Skins,1344,"[304, 319, 1317, 1344]"
Men's Triathlon Wetsuits,1345,"[304, 319, 1317, 1345]"
Sport Tops,1346,"[304, 319, 1312, 1346]"
Bandeaus,1348,"[304, 319, 1312, 1348]"
Active Recreation Swimwear,1349,"[304, 319, 1312, 1349]"
Active One Piece,1350,"[304, 319, 1312, 1350]"
Active Sets,1351,"[304, 319, 1317, 1351]"
Active Sets,1352,"[304, 319, 1312, 1352]"
One Piece Swimsuits,1353,"[304, 319, 1312, 1353]"
Drag Suits,1354,"[304, 319, 1317, 1354]"
One Piece Swimsuits,1355,"[304, 319, 1317, 1355]"
Tech Suits,1356,"[304, 319, 1317, 1356]"
Swimsuit Bottoms,1357,"[304, 319, 1312, 1357]"
Swimsuit Bottoms,1358,"[304, 319, 1317, 1358]"
Booties,1359,"[304, 319, 1317, 1359]"
Wetsuit Shorts & Pants,1360,"[304, 319, 1317, 1360]"
Swim Socks,1361,"[304, 319, 1317, 1361]"
Long Sleeve Rash Guards,1365,"[304, 319, 1317, 1365]"
Swim Tights,1366,"[304, 319, 1317, 1366]"
Swim Tights,1367,"[304, 319, 1312, 1367]"
Tankini Tops,1368,"[304, 319, 1317, 1368]"
Hipster Bottoms,1369,"[304, 319, 1317, 1369]"
Hipster Bottoms,1370,"[304, 319, 1312, 1370]"
Triangle Tops,1371,"[304, 319, 1317, 1371]"
Triangle Tops,1372,"[304, 319, 1312, 1372]"
Active One Piece,1373,"[304, 319, 1317, 1373]"
Short Board Shorts,1374,"[304, 319, 1317, 1374]"
Short Board Shorts,1375,"[304, 319, 1312, 1375]"
Sport Tops,1376,"[304, 319, 1317, 1376]"
Hipster,1377,"[304, 319, 1317, 1377]"
Hipster,1378,"[304, 319, 1312, 1378]"
Board Shorts,1379,"[304, 319, 1317, 1379]"
Board Shorts,1380,"[304, 319, 1312, 1380]"
Bandeaus,1381,"[304, 319, 1317, 1381]"
Active Tops,1382,"[304, 319, 1317, 1382]"
Active Tops,1383,"[304, 319, 1312, 1383]"
Active Recreation Swimwear,1384,"[304, 319, 1317, 1384]"
Tanks,1385,"[304, 319, 1317, 1385]"
Tanks,1386,"[304, 319, 1312, 1386]"
Tie Side,1387,"[304, 319, 1317, 1387]"
Tie Side,1388,"[304, 319, 1312, 1388]"
Brazilian,1389,"[304, 319, 1317, 1389]"
Halter Tops,1390,"[304, 319, 1317, 1390]"
Halter Tops,1391,"[304, 319, 1312, 1391]"
Scoop,1393,"[304, 319, 1317, 1393]"
Scoop,1394,"[304, 319, 1312, 1394]"
D-Cup & Up Tops,1395,"[304, 319, 1317, 1395]"
D-Cup & Up Tops,1396,"[304, 319, 1312, 1396]"
Aquatic Fitness Swimwear,1397,"[304, 319, 1317, 1397]"
Aquatic Fitness Swimwear,1398,"[304, 319, 1312, 1398]"
Active Bottoms,1399,"[304, 319, 1317, 1399]"
Active Bottoms,1400,"[304, 319, 1312, 1400]"
Costumes,1402,"[304, 319, 1402]"
Tanks & Camisoles,1403,"[304, 319, 1317, 1403]"
Tanks & Camisoles,1404,"[304, 319, 1312, 1404]"
Tankinis,1405,"[304, 319, 1312, 1405]"
Tankinis,1406,"[304, 319, 1317, 1406]"
Sets,1407,"[304, 319, 1312, 1407]"
Sets,1408,"[304, 319, 1317, 1408]"
Unitards,1409,"[304, 319, 1312, 1409]"
Unitards,1410,"[304, 319, 1317, 1410]"
Swimsuit Tops,1411,"[304, 319, 1312, 1411]"
Swimsuit Tops,1412,"[304, 319, 1317, 1412]"
Front Zip,1413,"[304, 319, 1317, 1413]"
Sleeveless Wetsuits,1414,"[304, 319, 1317, 1414]"
Fullsleeve Wetsuits,1415,"[304, 319, 1317, 1415]"
Hooded,1416,"[304, 319, 1317, 1416]"
Swim Dresses,1417,"[304, 319, 1317, 1417]"
High Waist,1418,"[304, 319, 1312, 1418]"
High Waist,1419,"[304, 319, 1317, 1419]"
Apparel,1420,[1420]
Electronics,1421,"[314, 1421]"
Activity Trackers,1422,"[314, 1421, 1422]"
GPS Watches,1423,"[314, 1421, 1423]"
Heart Rate Monitors,1424,"[314, 1421, 1424]"
Electronics,1425,"[310, 1425]"
Activity Trackers,1426,"[310, 1425, 1426]"
GPS Watches,1427,"[310, 1425, 1427]"
Heart Rate Monitors,1428,"[310, 1425, 1428]"
Headgear,1432,"[304, 319, 1432]"
Earbuds and Headphones,1433,"[310, 1425, 1433]"
Earbuds and Headphones,1434,"[314, 1421, 1434]"
Scarves and Snoods,1436,"[304, 318, 1436]"
Phone Cases,1437,"[310, 1425, 1437]"
Phone Cases,1438,"[314, 1421, 1438]"
Pedometers,1439,"[310, 1425, 1439]"
Pedometers,1440,"[314, 1421, 1440]"
Running Shoes,1441,"[1068, 1160, 1441]"
Accessories,1442,"[1420, 1442]"
Socks,1443,"[1420, 1442, 1443]"
Basketball Socks,1444,"[1420, 1442, 1443, 1444]"
Basketball Socks,1446,"[1068, 1156, 1157, 1446]"
Elevation Training,1447,"[310, 381, 1447]"
Elevation Training Masks,1448,"[304, 318, 1448]"
Gloves,1449,"[1420, 1442, 1449]"
Rehabs and Injuries,1450,"[310, 381, 1450]"
Hot and Cold Therapy,1451,"[1450, 1451]"
Mouthguards,1452,"[299, 372, 461, 1452]"
Mouthguards,1453,"[299, 300, 344, 1453]"
Mouthguards,1454,"[304, 349, 361, 1454]"
Mouthguards,1455,"[304, 305, 996, 1455]"
Replacement Grips,1459,"[296, 297, 502, 1459]"
Replacement Grips,1460,"[296, 353, 411, 1460]"
Headbands,1461,"[1420, 1442, 1461]"
Apparel,1462,"[296, 297, 1462]"
Socks,1463,"[296, 297, 1462, 1463]"
Socks,1464,"[296, 297, 359, 1464]"
Tennis Socks,1465,"[1420, 1442, 1443, 1465]"
"Grommets, Bumper Guards",1466,"[296, 297, 359, 1466]"
Tennis Shoes,1467,"[1068, 1160, 1467]"
Tennis Socks,1468,"[1068, 1156, 1157, 1468]"
Women's Shoes,1469,"[296, 297, 385, 1469]"
Women's Shoes,1470,"[296, 353, 354, 1470]"
Women's Shoes,1471,"[296, 377, 378, 1471]"
Women's Shoes,1472,"[299, 800, 802, 1472]"
Men's Shoes,1473,"[296, 353, 354, 1473]"
Men's Shoes,1474,"[296, 297, 385, 1474]"
Insoles,1475,"[314, 322, 1475]"
Insoles,1476,"[1068, 1156, 1476]"
Compression Gear,1477,"[1420, 1477]"
Grips,1478,"[310, 381, 1044, 1478]"
Socks,1479,"[299, 300, 1479]"
Rollers and Massage Equipment,1480,"[310, 381, 1450, 1480]"
Balls,1481,"[304, 305, 996, 1481]"
Men's Shoes,1482,"[304, 318, 983, 1482]"
Goggles & Face Protection,1483,"[299, 372, 461, 1483]"
Shin Guards,1484,"[299, 372, 461, 1484]"
Kickboxing,1485,"[304, 305, 1485]"
Handwraps,1486,"[1485, 1486]"
Handwraps,1487,"[304, 349, 361, 1487]"
Protective Gear,1488,"[304, 305, 996, 1488]"
Inner Gloves,1489,"[304, 305, 1177, 1489]"
Inner Gloves,1490,"[299, 307, 309, 1490]"
Men's Compression Socks,1491,"[1420, 1442, 1443, 1491]"
Women's Shoes,1492,"[304, 318, 983, 1492]"
Men's Tops,1493,"[1420, 1493]"
Youth Batting Gloves,1494,"[304, 305, 1177, 1494]"
Women's Compression Socks,1495,"[1420, 1442, 1443, 1495]"
Men's Bottoms,1496,"[1420, 1496]"
Basketball Shorts,1497,"[1496, 1497]"
Basketball Shorts,1498,"[299, 300, 343, 1498]"
Women's Tops,1499,"[1420, 1499]"
Tanks,1500,"[1420, 1499, 1500]"
Men's Shoes,1501,"[296, 377, 378, 1501]"
Men's Shoes,1502,"[299, 800, 802, 1502]"
Women's Bottoms,1503,"[1420, 1503]"
Skirts and Skorts,1504,"[1503, 1504]"
Skirts and Skorts,1505,"[296, 297, 1019, 1505]"
Cycling Shoes,1508,"[1068, 1141, 1508]"
Pants and Capris,1509,"[1420, 1503, 1509]"
Sweatpants,1510,"[1509, 1510]"
Running Pants and Capris,1511,"[1509, 1511]"
Golf Shoes,1512,"[1068, 1141, 1512]"
Women's Shoes,1513,"[304, 347, 839, 1513]"
Golf Socks,1514,"[1420, 1442, 1443, 1514]"
Golf Socks,1515,"[1068, 1156, 1157, 1515]"
Running Shorts,1516,"[1420, 1503, 1516]"
Apparel,1517,"[314, 322, 1517]"
Women's Shorts,1518,"[1517, 1518]"
Hoodies & Sweatshirts,1519,"[1420, 1499, 1519]"
Golf Pants,1520,"[1420, 1503, 1520]"
Golf Pants,1521,"[304, 347, 1038, 1521]"
Yoga Pants,1522,"[1420, 1503, 1522]"
Recovery Compression,1525,"[1420, 1477, 1525]"
Women's Recovery Compression,1526,"[1525, 1526]"
Recovery Compression Gear,1527,"[310, 381, 1450, 1527]"
Women's Recovery Compression,1528,"[1527, 1528]"
Shinguards,1531,"[299, 372, 461, 1531]"
Adult,1532,"[299, 372, 373, 1532]"
Composite sticks,1533,"[299, 372, 373, 1532, 1533]"
Shoes,1534,"[299, 372, 1534]"
Men's,1535,"[296, 353, 354, 1535]"
Goalie Equipment,1536,"[299, 372, 1536]"
Upper body protection,1537,"[299, 372, 1536, 1537]"
Clothing & accessories,1538,"[299, 372, 1536, 1538]"
Gloves & hand protection,1539,"[299, 372, 1536, 1539]"
Lower body protection,1540,"[299, 372, 1536, 1540]"
Sticks,1541,"[299, 372, 1536, 1541]"
Helmets,1542,"[299, 372, 1536, 1542]"
Women's,1543,"[296, 353, 354, 1543]"
Hockey Shoes and Spikes,1544,"[1068, 1160, 1544]"
Gloves & hand protection,1545,"[299, 372, 461, 1545]"
Junior,1546,"[299, 372, 373, 1546]"
GRAYS Vibe Junior Hockey Stick,1547,"[299, 372, 373, 1546, 1547]"
MERCIAN Great White Composite Junior Hockey Stick,1548,"[299, 372, 373, 1546, 1548]"
GRYPHON Detonator Junior Hockey Stick,1549,"[299, 372, 373, 1546, 1549]"
GRYPHON Jaguar Junior Hockey Stick,1550,"[299, 372, 373, 1546, 1550]"
MERCIAN 100-Series 105 Hockey Stick,1551,"[299, 372, 373, 1546, 1551]"
GRYPHON Taboo Junior Hockey Stick,1552,"[299, 372, 373, 1546, 1552]"
DITA Exa 500 NRT Junior Hockey Stick,1553,"[299, 372, 373, 1546, 1553]"
GRAYS GX 5000 Mid-Bow Junior Hockey Stick,1554,"[299, 372, 373, 1546, 1554]"
TK Synergy Junior Hockey Stick,1555,"[299, 372, 373, 1546, 1555]"
KOOKABURRA Combust Junior Hockey Stick,1556,"[299, 372, 373, 1546, 1556]"
GRYPHON Wand Junior Hockey Stick,1557,"[299, 372, 373, 1546, 1557]"
DITA Exa 100 NRT Junior Hockey Stick,1558,"[299, 372, 373, 1546, 1558]"
GRAYS Lazr Wooden Junior Hockey Stick,1559,"[299, 372, 373, 1546, 1559]"
MERCIAN 300-Series 303 Junior Wooden Hockey Stick,1560,"[299, 372, 373, 1546, 1560]"
GRAYS GX 7000 Micro Junior Hockey Stick,1561,"[299, 372, 373, 1546, 1561]"
GRAYS Revo Junior Hockey Stick,1562,"[299, 372, 373, 1546, 1562]"
MERCIAN 200-Series 201 Junior Hockey Stick,1563,"[299, 372, 373, 1546, 1563]"
GRAYS GX 6000 Dynabow Junior Hockey Stick,1564,"[1546, 1564]"
MERCIAN Great Pink Junior Hockey Stick,1565,"[1546, 1565]"
Weightlifting Shoes,1587,"[1068, 1069, 1587]"
Kinetic Sleeves,1588,"[310, 381, 1450, 1588]"
Elbow & Wrist Braces,1589,"[310, 381, 1450, 1589]"
Back and Shoulder Support,1590,"[310, 381, 1450, 1590]"
Knee Braces & Support,1591,"[310, 381, 1450, 1591]"
"Calf,Shin & Thigh",1592,"[310, 381, 1450, 1592]"
Sliding Shorts,1593,"[299, 302, 383, 1593]"
Men's Socks,1594,"[1420, 1442, 1443, 1594]"
Men's Socks,1595,"[1068, 1156, 1157, 1595]"
Ankle & Foot Braces,1596,"[310, 381, 1450, 1596]"
Women's Socks,1597,"[1420, 1442, 1443, 1597]"
Compression Socks,1598,"[1420, 1477, 1598]"
Women's Socks,1599,"[1420, 1477, 1598, 1599]"
Women's Socks,1600,"[1068, 1156, 1157, 1600]"
Women's Headbands,1601,"[1420, 1442, 1461, 1601]"
Women's Headbands,1602,"[296, 353, 403, 1602]"
Women's Headbands,1603,"[296, 297, 1603]"
Women's Headbands,1604,"[314, 322, 365, 1604]"
Foam Rollers,1605,"[310, 381, 1450, 1605]"
Wrestling Shoes,1614,"[1068, 1069, 1614]"
Compression Shorts,1615,"[1420, 1477, 1615]"
Men's Compression Shorts,1616,"[1420, 1477, 1615, 1616]"
Compression,1617,"[1420, 1496, 1617]"
Shorts,1618,"[1420, 1496, 1617, 1618]"
Jock Straps,1619,"[299, 307, 1619]"
Jock Straps,1620,"[304, 317, 321, 1620]"
Men's Boxing Gloves,1621,"[304, 349, 708, 1621]"
Calf and Leg Compression,1622,"[1420, 1477, 1622]"
Calf Compression & Leg Sleeves,1623,"[296, 353, 403, 1623]"
Sleeves and Pads,1624,"[299, 300, 1624]"
Calf Compression & Leg Sleeves,1625,"[299, 300, 1624, 1625]"
Calf Compression & Leg Sleeves,1628,"[314, 322, 1628]"
Men's Compression Socks,1629,"[1420, 1477, 1598, 1629]"
Men's Compression Socks,1630,"[1068, 1156, 1157, 1630]"
Hiking Shoes,1631,"[1068, 1141, 1631]"
Women's Compression Socks,1632,"[1420, 1477, 1598, 1632]"
Women's Compression Socks,1633,"[1068, 1156, 1157, 1633]"
Tanks,1634,"[1420, 1493, 1634]"
Golf Shirts,1635,"[1420, 1493, 1635]"
Golf Shirts,1636,"[304, 347, 1038, 1636]"
Graphic Tees,1637,"[1420, 1493, 1637]"
Hoodies and Sweatshirts,1638,"[1420, 1493, 1638]"
Running Shorts,1639,"[1420, 1496, 1639]"
Short Sleeve T Shirts,1640,"[1420, 1493, 1640]"
Compression Shirts,1641,"[1420, 1493, 1641]"
Men's Compression Shirts,1644,"[1420, 1477, 1666, 1644]"
Action Cameras & Accessories,1645,"[314, 1421, 1645]"
Action Cameras & Accessories,1646,"[304, 318, 1646]"
Cold Weather Compression,1647,"[1420, 1477, 1647]"
Men's Cold Weather Compression Shirts,1648,"[1420, 1477, 1647, 1648]"
Hats,1649,"[1420, 1442, 1649]"
Masks,1650,"[1420, 1442, 1650]"
Mask and Balaclavas,1651,"[314, 322, 365, 1651]"
Mask and Balaclavas,1653,"[314, 1653]"
Coats and Vests,1655,"[1420, 1493, 1655]"
Graphic Tees,1656,"[1420, 1499, 1656]"
Pants,1657,"[1420, 1496, 1617, 1657]"
Compression Pants,1658,"[1420, 1477, 1658]"
Men's Compression Pants,1659,"[1420, 1477, 1658, 1659]"
Sports Bras and Bra Tanks,1660,"[1420, 1499, 1660]"
Bra Tanks,1661,"[1420, 1499, 1660, 1661]"
Long Sleeve Shirts,1662,"[1420, 1499, 1662]"
Long Sleeve Shirts,1663,"[1420, 1493, 1663]"
Short Sleeve T-Shirts,1664,"[1420, 1499, 1664]"
Compression Shirts,1665,"[1420, 1499, 1665]"
Compression Shirts,1666,"[1420, 1477, 1666]"
Women's Compression Shirts,1667,"[1420, 1477, 1666, 1667]"
Golf Shirts,1668,"[1420, 1499, 1668]"
Plus Size Shorts,1669,"[1420, 1503, 1516, 1669]"
Plus Size Shorts,1670,"[314, 322, 1517, 1518, 1670]"
Compression,1671,"[1420, 1503, 1671]"
Shorts,1672,"[1420, 1503, 1671, 1672]"
Women's Compression Shorts,1673,"[1420, 1477, 1615, 1673]"
Other Electronic Devices,1676,"[314, 1421, 1676]"
Straps,1677,"[310, 381, 1677]"
Wristbands,1678,"[1420, 1442, 1678]"
Basketball Shoes,1679,"[1068, 1141, 1679]"
Women's Shoes,1680,"[299, 300, 346, 1680]"
Socks,1681,"[1420, 1477, 1681]"
Women's Compression Socks,1682,"[1420, 1477, 1681, 1682]"
Men's Batting Gloves,1683,"[304, 305, 1177, 1683]"
Basketball Shoes,1684,"[1068, 1160, 1684]"
Junior,1685,"[299, 300, 346, 1685]"
Men's Shoes,1686,"[299, 300, 346, 1686]"
Kinesiology Tape,1687,"[310, 381, 1450, 1687]"
Cleats,1688,"[304, 305, 1177, 1688]"
Cleats,1689,"[1068, 1069, 1689]"
Women's Batting Gloves,1690,"[304, 305, 1177, 1690]"
Women's Boxing Gloves,1691,"[304, 349, 708, 1691]"
Baseballs,1692,"[304, 305, 1177, 1692]"
Boxing Shoes,1693,"[1068, 1069, 1693]"
Cleats,1694,"[1068, 1160, 1694]"
Padded Protection,1695,"[304, 305, 996, 1695]"
Hiking Shoes,1696,"[1068, 1069, 1696]"
Cycling,1697,"[314, 1697]"
Mask and Balaclavas,1698,"[314, 1697, 1698]"
Women's Cold Weather Compression Shirts,1699,"[1420, 1477, 1647, 1699]"
Track and Warm-Up Pants,1700,"[1420, 1503, 1509, 1700]"
Golf Shorts,1701,"[1420, 1503, 1701]"
Women's Golf Shorts,1702,"[304, 347, 1038, 1702]"
Sports Bras,1703,"[1420, 1499, 1660, 1703]"
Pants,1704,"[1420, 1503, 1671, 1704]"
Women's Compression Pants,1705,"[1420, 1477, 1647, 1705]"
Women's Compression Pants,1706,"[1420, 1477, 1658, 1706]"
Tennis Dresses,1707,"[1420, 1499, 1707]"
Tennis Dresses,1708,"[296, 297, 1019, 1708]"
Golf Pants,1709,"[304, 318, 1002, 1709]"
Plus Sizes,1712,"[1420, 1499, 1664, 1712]"
Cycling Gear,1713,"[314, 1697, 1713]"
Cycling Shoes,1714,"[1068, 1069, 1714]"
Shop by Sport,1715,"[1420, 1715]"
Cycling,1716,"[1420, 1715, 1716]"
Men's Cycling Clothing,1717,"[1420, 1715, 1716, 1717]"
Men's Cycling Clothing,1718,"[314, 957, 998, 1718]"
Golf Shoes,1719,"[1068, 1160, 1719]"
Junior Shoes,1720,"[304, 347, 839, 1720]"
Golf Shoes,1721,"[1068, 1069, 1721]"
Men's Shoes,1722,"[304, 347, 839, 1722]"
Women's Cycling Clothing,1723,"[1420, 1715, 1716, 1723]"
Women's Cycling Clothing,1724,"[314, 957, 998, 1724]"
1,1727,[1727]
Weights Lifting Jackets,1729,"[310, 922, 1729]"
Weights Plates,1730,"[310, 922, 1730]"
